food_id,menu_title,ingredient ,genres,details
19995,Stir Fried Basil with Minced Pork,"['Rice', 'Pork', 'Basil']","['Spicy', 'Savoury', 'Fried', 'Acrid']","Stir-fried basil pork chop. It is one of the most popular Thai dishes. Ingredients include pork, leaves, basil, yard long beans, chili, garlic. Some vegetables are also added such as baby corn, carrots, onions."
285,Fried pork with garlic,"['Rice', 'Pork', 'Galic']","['Fried', 'Acrid']","Fried pork with garlicPork.  Ingredients include minced garlic, oyster sauce, light soy sauce, a little ground pepper,coriander"
206647,Omelet,"['Rice', 'Egg']","['Mellow', 'Cheap']","Omelet. It's an easy fried egg dish. Popularly used chicken eggs or duck eggs. Ingredients include Fresh chicken eggs, oyster sauce, fish sauce, chopped spring onions "
49026,Minced Pork Omelet,"['Rice', 'Pork', 'Egg']",['Mellow'],"Minced Pork Omelet. It's a simple dish that can be made with just pork and eggs. Ingredients include Fresh chicken eggs, porkchop, oyster sauce, fish sauce, chopped spring onions "
99861,Salad,['Vetgetable'],"['Sweet', 'Sour', 'Healthy']","Salad.It is a food consisting of small pieces of food, usually vegetables."
559,Papaya salad,"['Vegetable', 'Carrot']","['Spicy', 'Salty', 'Healthy', 'Acrid']","Papaya salad is a food prepared from making papaya salad. is to make sour.Cooked by pounding the raw papaya that has been chopped, sliced ​​or grated into strips mainly in a mortar. Along with other ingredients are small tomatoes, sida eggplant, brinjal, fresh or dried chili, yard long beans, garlic and seasoned with palm sugar, fish sauce, lime."
38757,Boiled eggs,['Egg'],"['Healthy', 'Cheap']",Boiled eggs are another simple dish and are also a menu for people who love health as well. They can be cooked or eaten with other dishes to add flavor.
91314,Noodle with Pork in Sauce,"['Curry', 'Noodle', 'Pork', 'Vegetable']","['Mellow', 'Cheap']","Noodle with Pork in Sauce is a kind of noodle Made by using the noodles to fry with soft oil first, then set aside. The most popular meats are pork and shrimp or other meats."
767,Stir-fried kale vegetable with crispy pork,"['Rice', 'Pork', 'Vegetable']","['Sweet', 'Fried', 'Cheap']","Stir-fried kale vegetable with crispy pork. Preparation and flavoring: Sweet, not bitter kale, crispy pork with crispy skin, soft texture and mellow seasoning."
209112,Suki,"['Noodle', 'Vegetable', 'Pork']","['Healthy', 'Mellow']","Suki is a dish prepared with meat, tofu, vegetables, glass noodles, eggs and eaten with a sauce. It is a popular dish in Asia with many variations. The most widely known in Thailand is Chinese and Japanese sukiyaki."
1452,Stir Fried Mixed Vegetables,['Vegetable'],"['Healthy', 'Mellow', 'Cheap']","Stir-fried mixed vegetables is a simple, delicious and nutritious dish. The ingredients for this dish are vegetables that are sautéed with seasonings such as oyster sauce, salt, and MSG."
10764,Stir-Fried fish with Chilli & Salt,"['Vegetable', 'Fish', 'Rice']","['Expensive', 'Spicy']",Fried fish with salt and pepper. it's Delicious menu. How to make fried sea bass with chili and salt. Cut sea bass into pieces. Stir and stir with salt and pepper. The secret to deliciousness lies in fresh fish.
58,Fried chilly paste with Pork,"['Rice', 'Pork', 'Cowpea']","['Fired', 'Spicy']","Fried chilly paste with Pork.Stir-fried Long Beans with Chili Paste, a simple dish. Roasted curry paste, pork, long beans,. Palm sugar, fish sauce"
57201,Stir Fried Curry Powder,"['Rice', 'Curry', 'Egg']","['Fried', 'Sweet', 'Spicy']",Stir Fried Curry Powder.There are many menus including Stir Fried Crab with Curry Powder Stir Fried Crab Meat with Curry Powder (No Milk) Stir Fried Crab with Curry Powder Stir Fried Shrimp with Curry Powder and fried squid with curry powder This can be adapted to stir-fried pork with curry powder. or stir-fried chicken curry powder
49521,Curry Rice,"[Rice', 'Potato', 'Carrot', 'Apple']","['Acrid', 'Cheap']","A favorite rice dish that is seasoned with a curry sauce, which is basically a gravy. The curry is made by adding meat or vegetables and other ingredients together with various spices."
2454,Fried Noodle with Soya Sauce and Pork,['Noodle'],"['Fried', 'Sweet']","Pad See Ew  or Pad See Ew Noodle similar improvements Stir Fried Noodles with Chicken Instead, they add sweet black soy sauce and use kale as a raw material for cooking."
24428,Pad thai,"['Noodle', 'Chicken']","['Sweet', 'Salty']","phad thai, is a stir-fried rice noodle. It is typically made with rice noodles, chicken, beef or tofu, peanuts, a scrambled egg, and bean sprouts, among other vegetables"
1865,Fried rice,"['Rice', 'pork']","['Salty', 'Mellow', 'Fried']","Fried rice is one of the most basic Asian dishes. Bring cooked rice to stir-fry and mix with sauce or chili paste or various seasonings. To get flavors such as ketchup, chili sauce, dark soy sauce or soy sauce. And different kinds of meats are added, such as pork, chicken, squid, crab and shrimp."
41154,Rice porridge with Pork,['Rice'],"['Heathy', 'Mellow']","Rice porridge with pork. Made from rice, the method is similar to cooking rice with a normal pot. But the difference is that boiled rice will add more water than normal rice cooking.Pork porridge is added with pork bones, which makes the pork porridge taste better."