food_id,menu_title,ingredient,nutrients,price,details
19995,ข้าวกะเพราหมูสับ,"['Rice', 'Pork', 'Basil']","['HE', 'HF', 'LC', 'HP']",['Expensive'],"Stir-fried basil pork chop. It is one of the most popular Thai dishes. Ingredients include pork, leaves, basil, yard long beans, chili, garlic. Some vegetables are also added such as baby corn, carrots, onions."
285,ข้าวหมูทอดกระเทียม,"['Rice', 'Pork', 'Galic']","['LE', 'LF, 'C', 'HP']",['Normall'],"Fried pork with garlicPork.  Ingredients include minced garlic, oyster sauce, light soy sauce, a little ground pepper,coriander"
206647,ข้าวไข่เจียว,"['Rice', 'Egg']","['LE', 'LF', 'HC', 'P']",['Cheap'],"Omelet. It's an easy fried egg dish. Popularly used chicken eggs or duck eggs. Ingredients include Fresh chicken eggs, oyster sauce, fish sauce, chopped spring onions "
49026,ข้าวไข่เจียวหมูสับ,"['Rice', 'Pork', 'Egg']","['HE', 'HF', 'C', 'HP']",['Normall'],"Minced Pork Omelet. It's a simple dish that can be made with just pork and eggs. Ingredients include Fresh chicken eggs, porkchop, oyster sauce, fish sauce, chopped spring onions "
99861,สลัด,['Vetgetable'],"['LE', 'LF', 'LC', 'LP']",['Cheap'],"Salad.It is a food consisting of small pieces of food, usually vegetables."