food_id,menu_title,ingredient,nutrients,genres,details
19995,a,"Rice', 'Pork'","['highEnergy', 'highFat', 'lessCarbohydrate', 'highProtein']","Fried', 'Meat', 'Spicy'",SHEESH!!
285,b,"Rice', 'Pork'","['lessEnergy', 'lessFat', 'Carbohydrate', 'highProtein']","Fried', 'Meat'",SHEESH!!
2454,c,"Noodle', 'Pork'","['lessEnergy', 'lessFat', 'highCarbohydrate', 'Protein']","Fried', 'Noodle', 'Meat'",SHEESH!!
767,d,"Rice', 'Pork', 'Kale'","['highEnergy', 'highFat', 'Carbohydrate', 'highProtein']","Fried', 'Vegetable', 'Meat'",SHEESH!!
1452,e,"Rice' ,'Vegetabel'","['lessEnergy', 'lessFat', 'lessCarbohydrate', 'lessProtein']","Fried', 'Vegetable'",SHEESH!!
58,f,"Rice', 'Chilli'","['highEnergy', 'highFat', 'lessCarbohydrate', 'highProtein']","Fried', 'Meat', 'Spicy'",SHEESH!!
57201,g,"Rice', 'Curry Powder'","['Energy', 'Fat', 'Carbohydrate', 'Protein']","Fried', 'Curry'",SHEESH!!
1865,h,Rice',"['highEnergy', 'highFat', 'Carbohydrate', 'highProtein']",Fried',SHEESH!!
24428,i,"Rice', 'Egg'","['lessEnergy', 'Fat', 'Carbohydrate', 'Protein']",Egg',SHEESH!!
206647,j,"Rice','Egg', 'Pork'","['lessEnergy', 'lessFat', 'lessCarbohydrate', 'lessProtein']","Egg', 'Meat'",SHEESH!!
49026,k,Egg',"['highEnergy', 'Fat', 'Carbohydrate', 'Protein']","Boil', 'Egg'",SHEESH!!
38757,l,"Egg', 'Ham', 'Hotdog'","['lessEnergy', 'lessFat', 'Carbohydrate', 'highProtein']",Egg',SHEESH!!
91314,m,Egg',"['highEnergy', 'highFat', 'lessCarbohydrate', 'Protein']","Egg', 'Spicy'",SHEESH!!
209112,n,Egg',"['lessEnergy', 'lessFat', 'lessCarbohydrate', 'lessProtein']",Egg',SHEESH!!