food_id,menu_title,ingredient,nutrients,genres,details
19995,ข้าวกะเพราหมูสับ,"Rice', 'Pork'","['highEnergy', 'highFat', 'lessCarbohydrate', 'highProtein']","Fried', 'Meat', 'Spicy'",SHEESH!!
285,ข้าวหมูทอดกระเทียม,"Rice', 'Pork'","['lessEnergy', 'lessFat', 'Carbohydrate', 'highProtein']","Fried', 'Meat'",SHEESH!!
2454,ผัดซีอิ๊วหมู ,"Noodle', 'Pork'","['lessEnergy', 'lessFat', 'highCarbohydrate', 'Protein']","Fried', 'Noodle', 'Meat'",SHEESH!!
767,ข้าวผัดคะน้าหมูกรอบ,"Rice', 'Pork', 'Kale'","['highEnergy', 'highFat', 'Carbohydrate', 'highProtein']","Fried', 'Vegetable', 'Meat'",SHEESH!!
1452,ข้าวผัดผักรวม,"Rice' ,'Vegetabel'","['lessEnergy', 'lessFat', 'lessCarbohydrate', 'lessProtein']","Fried', 'Vegetable'",SHEESH!!
58,ข้าวผัดพริกเผาหมู,"Rice', 'Chilli'","['highEnergy', 'highFat', 'lessCarbohydrate', 'highProtein']","Fried', 'Meat', 'Spicy'",SHEESH!!
57201,ข้าวผัดผงกะหรี่,"Rice', 'Curry Powder'","['Energy', 'Fat', 'Carbohydrate', 'Protein']","Fried', 'Curry'",SHEESH!!
1865,ข้าวผัด,Rice',"['highEnergy', 'highFat', 'Carbohydrate', 'highProtein']",Fried',SHEESH!!
24428,ข้าวไข่เจียว,"Rice', 'Egg'","['lessEnergy', 'Fat', 'Carbohydrate', 'Protein']",Egg',SHEESH!!
206647,ข้าวไข่เจียวหมูสับ,"Rice','Egg', 'Pork'","['lessEnergy', 'lessFat', 'lessCarbohydrate', 'lessProtein']","Egg', 'Meat'",SHEESH!!
49026,ไข่ต้ม,Egg',"['highEnergy', 'Fat', 'Carbohydrate', 'Protein']","Boil', 'Egg'",SHEESH!!
38757,ไข่กระทะ,"Egg', 'Ham', 'Hotdog'","['lessEnergy', 'lessFat', 'Carbohydrate', 'highProtein']",Egg',SHEESH!!
91314,ยําไข่เจียว,Egg',"['highEnergy', 'highFat', 'lessCarbohydrate', 'Protein']","Egg', 'Spicy'",SHEESH!!
209112,ไข่ตุ๋น,Egg',"['lessEnergy', 'lessFat', 'lessCarbohydrate', 'lessProtein']",Egg',SHEESH!!