food_id,menu_title,ingredient,nutrients,genres,details
19995,ข้าวกะเพรา,"Rice', 'Pork', 'Chicken'","['highEnergy', 'highFat', 'lessCarbohydrate', 'highProtein']","Fried', 'Meat', 'Spicy'",SHEESH!!
285,ข้าวหมูทอดกระเทียม,"Rice', 'Pork'","['lessEnergy', 'lessFat', 'Carbohydrate', 'highProtein']","Fried', 'Meat'",SHEESH!!
2454,ผัดซีอิ๊วหมู ,"Noodle', 'Pork'","['lessEnergy', 'lessFat', 'highCarbohydrate', 'Protein']","Fried', 'Noodle', 'Meat'",SHEESH!!
767,ข้าวผัดคะน้าหมูกรอบ,"Rice', 'Pork', 'Kale'","['highEnergy', 'highFat', 'Carbohydrate', 'highProtein']","Fried', 'Vegetable', 'Meat'",SHEESH!!
1452,ข้าวผัดผักรวม,"Rice' ,'Vegetabel'","['lessEnergy', 'lessFat', 'lessCarbohydrate', 'lessProtein']","Fried', 'Vegetable'",SHEESH!!
58,ข้าวผัดพริกเผาหมู,"Rice', 'Chilli'","['highEnergy', 'highFat', 'lessCarbohydrate', 'highProtein']","Fried', 'Meat', 'Spicy'",SHEESH!!
57201,ข้าวผัดผงกะหรี่,"Rice', 'Curry Powder'","['Energy', 'Fat', 'Carbohydrate', 'Protein']","Fried', 'Curry'",SHEESH!!
1865,ข้าวผัด,Rice',"['highEnergy', 'highFat', 'Carbohydrate', 'highProtein']",Fried',SHEESH!!
24428,ข้าวไข่เจียว,"Rice', 'Egg'","['lessEnergy', 'Fat', 'Carbohydrate', 'Protein']",Egg',SHEESH!!
206647,ข้าวไข่เจียวหมูสับ,"Rice','Egg', 'Pork'","['lessEnergy', 'lessFat', 'lessCarbohydrate', 'lessProtein']","Egg', 'Meat'",SHEESH!!
49026,ไข่ต้ม,Egg',"['highEnergy', 'Fat', 'Carbohydrate', 'Protein']","Boil', 'Egg'",SHEESH!!
38757,ไข่กระทะ,"Egg', 'Ham', 'Hotdog'","['lessEnergy', 'lessFat', 'Carbohydrate', 'highProtein']",Egg',SHEESH!!
91314,ยําไข่เจียว,Egg',"['highEnergy', 'highFat', 'lessCarbohydrate', 'Protein']","Egg', 'Spicy'",SHEESH!!
209112,ไข่ตุ๋น,Egg',"['lessEnergy', 'lessFat', 'lessCarbohydrate', 'lessProtein']",Egg',SHEESH!!
99861,บะหมี่,Noodle',"['highEnergy', 'highFat', 'lessCarbohydrate', 'highProtein']","Noodle', 'Soup', 'Dry'",SHEESH!!
559,ก๋วยเตี๋ยวนํ้าตก,Noodle',"['lessEnergy', 'lessFat', 'Carbohydrate', 'highProtein']","Noodle', 'Soup'",SHEESH!!
10764,ก๋วยเตี๋ยว,Noodle',"['lessEnergy', 'lessFat', 'highCarbohydrate', 'Protein']","Noodle', 'Soup'",SHEESH!!
49521,ราเมง,Noodle',"['highEnergy', 'highFat', 'Carbohydrate', 'highProtein']","Noodle', 'Soup'",SHEESH!!
41154,มาม่า,Noodle',"['lessEnergy', 'lessFat', 'lessCarbohydrate', 'lessProtein']","Noodle', 'Soup'",SHEESH!!
46848,สุกี้,Noodle',"['highEnergy', 'highFat', 'lessCarbohydrate', 'highProtein']","Noodle', 'Soup'",SHEESH!!
4584,ผัดไท,Noodle',"['Energy', 'Fat', 'Carbohydrate', 'Protein']","Noodle', 'Dry'",SHEESH!!
234,สลัด,Vegetable',"['highEnergy', 'highFat', 'Carbohydrate', 'highProtein']",Vegetable',SHEESH!!
673457,ส้มตํา,"Fish', 'Tomato'","['lessEnergy', 'Fat', 'Carbohydrate', 'Protein']",Vegetable',SHEESH!!
723,สลัดโรล,Vegetable',"['lessEnergy', 'lessFat', 'lessCarbohydrate', 'lessProtein']",Vegetable',SHEESH!!
12347,ชุปผักโขม,"Vegetable', 'Cheeseง","['highEnergy', 'Fat', 'Carbohydrate', 'Protein']",Vegetable',SHEESH!!
84236,แกงกะหรี่,"Rice', 'Curry'","['lessEnergy', 'lessFat', 'Carbohydrate', 'highProtein']",Curry',SHEESH!!
5489,แกงเขียวหวาน,"Rice', 'Curry'","['highEnergy', 'highFat', 'lessCarbohydrate', 'Protein']",Curry',SHEESH!!
2346,แกงเผ็ด,"Rice', 'Curry'","['lessEnergy', 'lessFat', 'lessCarbohydrate', 'lessProtein']",Curry',SHEESH!!
235,ข้าวต้ม,"Gruel', 'Pork', 'Fish', 'Chicken', 'Shrimp'","['highEnergy', 'Fat', 'Carbohydrate', 'Protein']",Breakfast',SHEESH!!
78,ต้มจืด,Gruel',"['lessEnergy', 'lessFat', 'Carbohydrate', 'highProtein']",Breakfast',SHEESH!!